{
  "hash": "45eec13e",
  "browserHash": "0c2bc42a",
  "optimized": {
    "@angular/common": {
      "src": "../../../../../node_modules/@angular/common/fesm2022/common.mjs",
      "file": "@angular_common.js",
      "fileHash": "20b14e9e",
      "needsInterop": false
    },
    "@angular/core": {
      "src": "../../../../../node_modules/@angular/core/fesm2022/core.mjs",
      "file": "@angular_core.js",
      "fileHash": "196c632f",
      "needsInterop": false
    },
    "@angular/material/core": {
      "src": "../../../../../node_modules/@angular/material/fesm2022/core.mjs",
      "file": "@angular_material_core.js",
      "fileHash": "0071b5fd",
      "needsInterop": false
    },
    "@angular/material/expansion": {
      "src": "../../../../../node_modules/@angular/material/fesm2022/expansion.mjs",
      "file": "@angular_material_expansion.js",
      "fileHash": "8282b661",
      "needsInterop": false
    },
    "@angular/material/form-field": {
      "src": "../../../../../node_modules/@angular/material/fesm2022/form-field.mjs",
      "file": "@angular_material_form-field.js",
      "fileHash": "cf3a2ddd",
      "needsInterop": false
    },
    "@angular/material/input": {
      "src": "../../../../../node_modules/@angular/material/fesm2022/input.mjs",
      "file": "@angular_material_input.js",
      "fileHash": "0cb0ee01",
      "needsInterop": false
    },
    "@angular/material/select": {
      "src": "../../../../../node_modules/@angular/material/fesm2022/select.mjs",
      "file": "@angular_material_select.js",
      "fileHash": "ff0f464f",
      "needsInterop": false
    },
    "@angular/material/sort": {
      "src": "../../../../../node_modules/@angular/material/fesm2022/sort.mjs",
      "file": "@angular_material_sort.js",
      "fileHash": "5b82a9dc",
      "needsInterop": false
    },
    "@angular/material/table": {
      "src": "../../../../../node_modules/@angular/material/fesm2022/table.mjs",
      "file": "@angular_material_table.js",
      "fileHash": "fab656b0",
      "needsInterop": false
    },
    "@angular/platform-browser": {
      "src": "../../../../../node_modules/@angular/platform-browser/fesm2022/platform-browser.mjs",
      "file": "@angular_platform-browser.js",
      "fileHash": "6bbbf20a",
      "needsInterop": false
    },
    "@angular/platform-browser/animations": {
      "src": "../../../../../node_modules/@angular/platform-browser/fesm2022/animations.mjs",
      "file": "@angular_platform-browser_animations.js",
      "fileHash": "2ec6a4a8",
      "needsInterop": false
    },
    "@angular/router": {
      "src": "../../../../../node_modules/@angular/router/fesm2022/router.mjs",
      "file": "@angular_router.js",
      "fileHash": "bc061c31",
      "needsInterop": false
    }
  },
  "chunks": {
    "chunk-YFCZNC45": {
      "file": "chunk-YFCZNC45.js"
    },
    "chunk-64UYKPKW": {
      "file": "chunk-64UYKPKW.js"
    },
    "chunk-PXBYDYBK": {
      "file": "chunk-PXBYDYBK.js"
    },
    "chunk-NOQAPML3": {
      "file": "chunk-NOQAPML3.js"
    },
    "chunk-7SEY426J": {
      "file": "chunk-7SEY426J.js"
    },
    "chunk-22TPVTQM": {
      "file": "chunk-22TPVTQM.js"
    },
    "chunk-SU3DEGER": {
      "file": "chunk-SU3DEGER.js"
    },
    "chunk-465AGRQV": {
      "file": "chunk-465AGRQV.js"
    },
    "chunk-3TYZGHYL": {
      "file": "chunk-3TYZGHYL.js"
    },
    "chunk-DJWN2L6X": {
      "file": "chunk-DJWN2L6X.js"
    }
  }
}